{"cameraMode":{"drawMode":0,"name":"Shaded","section":"Shading Mode"},"sceneLighting":false,"audioPlay":false,"sceneViewState":{"m_AlwaysRefresh":false,"showFog":true,"showSkybox":false,"showFlares":true,"showImageEffects":true,"showParticleSystems":true,"showVisualEffectGraphs":true,"m_FxEnabled":true},"in2DMode":false,"pivot":{"x":-0.06770936399698258,"y":-1.1895231008529664,"z":0.8379265666007996},"rotation":{"x":0.40294530987739565,"y":-0.037040501832962039,"z":0.022877177223563196,"w":0.9162264466285706},"size":1.3970767259597779,"orthographic":false}