{"cameraMode":{"drawMode":0,"name":"Shaded","section":"Shading Mode"},"sceneLighting":true,"audioPlay":false,"sceneViewState":{"m_AlwaysRefresh":false,"showFog":true,"showSkybox":true,"showFlares":true,"showImageEffects":true,"showParticleSystems":true,"showVisualEffectGraphs":true,"m_FxEnabled":true},"in2DMode":false,"pivot":{"x":906.3531494140625,"y":515.7885131835938,"z":697.0012817382813},"rotation":{"x":-0.0006181283970363438,"y":-0.001046392135322094,"z":0.006346510257571936,"w":1.0018221139907838},"size":1128.1575927734375,"orthographic":false}