{"cameraMode":{"drawMode":0,"name":"Shaded","section":"Shading Mode"},"sceneLighting":true,"audioPlay":false,"sceneViewState":{"m_AlwaysRefresh":false,"showFog":true,"showSkybox":true,"showFlares":true,"showImageEffects":true,"showParticleSystems":true,"showVisualEffectGraphs":true,"m_FxEnabled":true},"in2DMode":false,"pivot":{"x":803.6383056640625,"y":446.6360168457031,"z":692.0753784179688},"rotation":{"x":0.020802311599254609,"y":-0.03335372731089592,"z":0.007046642247587442,"w":1.001046061515808},"size":1128.1575927734375,"orthographic":false}