{"cameraMode":{"drawMode":0,"name":"Shaded","section":"Shading Mode"},"sceneLighting":true,"audioPlay":false,"sceneViewState":{"m_AlwaysRefresh":false,"showFog":true,"showSkybox":true,"showFlares":true,"showImageEffects":true,"showParticleSystems":true,"showVisualEffectGraphs":true,"m_FxEnabled":true},"in2DMode":false,"pivot":{"x":746.6244506835938,"y":421.57342529296877,"z":689.6991577148438},"rotation":{"x":0.021943001076579095,"y":-0.04175253584980965,"z":0.007275617215782404,"w":1.000702977180481},"size":1042.100830078125,"orthographic":false}