{"cameraMode":{"drawMode":0,"name":"Shaded","section":"Shading Mode"},"sceneLighting":false,"audioPlay":false,"sceneViewState":{"m_AlwaysRefresh":false,"showFog":true,"showSkybox":false,"showFlares":true,"showImageEffects":true,"showParticleSystems":true,"showVisualEffectGraphs":true,"m_FxEnabled":true},"in2DMode":false,"pivot":{"x":-0.02041519060730934,"y":-0.6211134195327759,"z":-0.002573937177658081},"rotation":{"x":0.2618381083011627,"y":-0.018285110592842103,"z":0.010075653903186322,"w":0.9667883515357971},"size":0.10576947778463364,"orthographic":false}