{"cameraMode":{"drawMode":0,"name":"Shaded","section":"Shading Mode"},"sceneLighting":false,"audioPlay":false,"sceneViewState":{"m_AlwaysRefresh":false,"showFog":true,"showSkybox":false,"showFlares":true,"showImageEffects":true,"showParticleSystems":true,"showVisualEffectGraphs":true,"m_FxEnabled":true},"in2DMode":false,"pivot":{"x":0.2485962212085724,"y":-18.017868041992189,"z":50.88059997558594},"rotation":{"x":0.16457277536392213,"y":0.0012445528991520405,"z":0.006743765901774168,"w":0.9883882403373718},"size":38.357383728027347,"orthographic":false}