{"cameraMode":{"drawMode":0,"name":"Shaded","section":"Shading Mode"},"sceneLighting":false,"audioPlay":false,"sceneViewState":{"m_AlwaysRefresh":false,"showFog":true,"showSkybox":false,"showFlares":true,"showImageEffects":true,"showParticleSystems":true,"showVisualEffectGraphs":true,"m_FxEnabled":true},"in2DMode":false,"pivot":{"x":-22.11257553100586,"y":-14.15941047668457,"z":15.974848747253418},"rotation":{"x":0.20320695638656617,"y":-0.43964385986328127,"z":0.10906800627708435,"w":0.8703434467315674},"size":27.136865615844728,"orthographic":false}